41.26393956250549,1.95404752645252,2025-01-14
41.26394281536968,1.954405610883254,2025-01-14
41.26397204104052,1.9576283733989253,2025-01-14
41.26397312174069,1.9577477350646988,2025-01-14
41.26397420231712,1.9578670967369736,2025-01-14
41.26397528276984,1.9579864584157496,2025-01-14
41.26397636309884,1.958105820101025,2025-01-14
41.26397744330412,1.9582251817927991,2025-01-14
41.26397852338567,1.958344543491072,2025-01-14
41.2639796033435,1.9584639051958426,2025-01-14
41.26398068317761,1.95858326690711,2025-01-14
41.263983921937616,1.9589413520798857,2025-01-14
41.263986080492344,1.9591800755608733,2025-01-14
41.26398715958413,1.9592994373111061,2025-01-14
41.263988238552194,1.9594187990678307,2025-01-14
41.26399039611716,1.9596575226007515,2025-01-14
41.263991474714054,1.9597768843769463,2025-01-14
41.26399255318723,1.9598962461596303,2025-01-14
41.26400656207986,1.961447949924649,2025-01-14
41.26400871543827,1.9616866736780203,2025-01-14
41.26400979193191,1.9618060355644213,2025-01-14
41.26401086830182,1.9619253974572988,2025-01-14
41.264011944547995,1.9620447593566517,2025-01-14
41.26383213193588,1.9521391836952662,2025-01-14
41.26383321832377,1.9522585448972318,2025-01-14
41.26383430458794,1.9523779061057334,2025-01-14
41.26383539072839,1.9524972673207692,2025-01-14
41.26383647674512,1.9526166285423399,2025-01-14
41.26383756263812,1.952735989770443,2025-01-14
41.26383864840742,1.9528553510050783,2025-01-14
41.263839734052986,1.9529747122462466,2025-01-14
41.26384081957484,1.9530940734939453,2025-01-14
41.26384190497298,1.9532134347481744,2025-01-14
41.263842990247376,1.953332796008933,2025-01-14
41.26384407539807,1.9534521572762202,2025-01-14
41.263845160425035,1.9535715185500357,2025-01-14
41.263846245328295,1.9536908798303785,2025-01-14
41.26384733010783,1.9538102411172482,2025-01-14
41.263848414763636,1.9539296024106434,2025-01-14
41.263849499295716,1.9540489637105636,2025-01-14
41.2638505837041,1.9541683250170083,2025-01-14
41.26385166798874,1.9542876863299765,2025-01-14
41.26385275214966,1.954407047649468,2025-01-14
41.26385383618689,1.954526408975481,2025-01-14
41.26385492010038,1.9546457703080153,2025-01-14
41.26385600389014,1.9547651316470707,2025-01-14
41.26385708755618,1.9548844929926463,2025-01-14
41.26385817109851,1.9550038543447403,2025-01-14
41.26385925451712,1.955123215703353,2025-01-14
41.26386033781202,1.9552425770684831,2025-01-14
41.26386142098318,1.9553619384401306,2025-01-14
41.26386250403063,1.955481299818294,2025-01-14
41.26386358695436,1.9556006612029728,2025-01-14
41.263864669754355,1.9557200225941662,2025-01-14
41.263865752430654,1.9558393839918737,2025-01-14
41.26387873489587,1.9572717212721795,2025-01-14
41.26387981596379,1.9573910827545007,2025-01-14
41.263880896907985,1.957510444243325,2025-01-14
41.26388197772845,1.9576298057386523,2025-01-14
41.26389061983833,1.9585846979352803,2025-01-14
41.26389169954532,1.9587040594890996,2025-01-14
41.26389277912858,1.9588234210494133,2025-01-14
41.26389385858813,1.958942782616222,2025-01-14
41.26389493792396,1.9590621441895246,2025-01-14
41.26389601713606,1.9591815057693198,2025-01-14
41.26389817518911,1.9594202289483877,2025-01-14
41.26389925403006,1.9595395905476582,2025-01-14
41.26390033274727,1.9596589521534187,2025-01-14
41.263902489810555,1.9598976753844075,2025-01-14
41.263903568156614,1.9600170370096337,2025-01-14
41.263904646378954,1.9601363986413474,2025-01-14
41.26390572447757,1.9602557602795476,2025-01-14
41.26390680245246,1.9603751219242336,2025-01-14
41.263907880303634,1.9604944835754043,2025-01-14
41.26390895803109,1.960613845233059,2025-01-14
41.263910035634815,1.9607332068971977,2025-01-14
41.26391111311483,1.9608525685678186,2025-01-14
41.26391219047111,1.9609719302449213,2025-01-14
41.263913267703686,1.961091291928505,2025-01-14
41.26391434481253,1.96121065361857,2025-01-14
41.263915421797655,1.961330015315114,2025-01-14
41.26391649865905,1.9614493770181376,2025-01-14
41.26391757539673,1.9615687387276393,2025-01-14
41.2639186520107,1.9616881004436182,2025-01-14
41.26392188111025,1.9620461856304126,2025-01-14
41.26392295722932,1.9621655473722939,2025-01-14
41.263924033224676,1.9622849091206493,2025-01-14
41.26392510909631,1.9624042708754774,2025-01-14
41.26392618484422,1.962523632636778,2025-01-14
41.26392726046841,1.96264299440455,2025-01-14
41.26392833596888,1.9627623561787928,2025-01-14
41.26392941134563,1.962881717959506,2025-01-14
41.26393048659864,1.9630010797466884,2025-01-14
41.263931561727944,1.9631204415403387,2025-01-14
41.263932636733536,1.9632398033404572,2025-01-14
41.26393371161539,1.963359165147043,2025-01-14
41.263934786373525,1.9634785269600952,2025-01-14
41.26393586100794,1.9635978887796128,2025-01-14
41.263936935518636,1.9637172506055947,2025-01-14
41.2639380099056,1.9638366124380415,2025-01-14
41.263939084168854,1.9639559742769512,2025-01-14
41.26394015830839,1.9640753361223235,2025-01-14
41.263941232324186,1.9641946979741578,2025-01-14
41.26394230621628,1.9643140598324536,2025-01-14
41.26394337998464,1.9644334216972088,2025-01-14
41.263944453629286,1.9645527835684242,2025-01-14
41.2639455271502,1.9646721454460987,2025-01-14
41.26394660054739,1.9647915073302311,2025-01-14
41.26394767382088,1.9649108692208208,2025-01-14
41.26394874697063,1.9650302311178676,2025-01-14
41.26394981999667,1.9651495930213696,2025-01-14
41.26395303833242,1.965507678770605,2025-01-14
41.263954110863565,1.9656270406999237,2025-01-14
41.263955183270994,1.9657464026356948,2025-01-14
41.26395625555468,1.965865764577917,2025-01-14
41.26371704779006,1.949395321500821,2025-01-14
41.263718137020064,1.9495146823883232,2025-01-14
41.263719226126355,1.9496340432823784,2025-01-14
41.263720315108934,1.9497534041829852,2025-01-14
41.26372140396778,1.9498727650901437,2025-01-14
41.26372249270292,1.9499921260038517,2025-01-14
41.26372358131434,1.9501114869241098,2025-01-14
41.26372466980203,1.950230847850916,2025-01-14
41.26372575816601,1.9503502087842715,2025-01-14
41.263726846406264,1.9504695697241738,2025-01-14
41.26372793452281,1.9505889306706223,2025-01-14
41.263729022515626,1.9507082916236174,2025-01-14
41.26373011038473,1.9508276525831574,2025-01-14
41.26373119813012,1.9509470135492417,2025-01-14
41.263732285751765,1.9510663745218697,2025-01-14
41.263733373249714,1.9511857355010407,2025-01-14
41.26373446062394,1.9513050964867538,2025-01-14
41.26373554787445,1.9514244574790083,2025-01-14
41.26373663500123,1.9515438184778036,2025-01-14
41.2637377220043,1.9516631794831385,2025-01-14
41.263738808883645,1.9517825404950133,2025-01-14
41.26373989563926,1.9519019015134258,2025-01-14
41.263740982271166,1.9520212625383764,2025-01-14
41.263742068779365,1.9521406235698637,2025-01-14
41.263775689168234,1.9558408187842498,2025-01-14
41.26377677171739,1.9559601800245274,2025-01-14
41.26377785414283,1.9560795412713174,2025-01-14
41.26377893644454,1.956198902524619,2025-01-14
41.26378001862254,1.9563182637844312,2025-01-14
41.26378110067681,1.956437625050754,2025-01-14
41.263782182607365,1.9565569863235859,2025-01-14
41.2637832644142,1.9566763476029272,2025-01-14
41.26378434609732,1.9567957088887757,2025-01-14
41.26378542765671,1.9569150701811315,2025-01-14
41.263786509092384,1.957034431479994,2025-01-14
41.263787590404334,1.9571537927853624,2025-01-14
41.26378867159257,1.9572731540972355,2025-01-14
41.26385975646946,1.9651510150260771,2025-01-14
41.26386082936838,1.9652703767720887,2025-01-14
41.263861902143596,1.9653897385245551,2025-01-14
41.263862974795074,1.9655091002834746,2025-01-14
41.263866192007214,1.9658671855989487,2025-01-14
41.263867264163814,1.9659865473836753,2025-01-14
41.263868336196694,1.966105909174852,2025-01-14
41.26386940810585,1.9662252709724783,2025-01-14
41.26387047989129,1.966344632776553,2025-01-14
41.263871551553,1.966463994587075,2025-01-14
41.263872623091,1.9665833564040442,2025-01-14
41.26387369450526,1.96670271822746,2025-01-14
41.26387476579581,1.9668220800573202,2025-01-14
41.263875836962626,1.9669414418936257,2025-01-14
41.26387690800574,1.9670608037363753,2025-01-14
41.26387797892512,1.9671801655855679,2025-01-14
41.26387904972079,1.9672995274412033,2025-01-14
41.26388012039273,1.9674188893032802,2025-01-14
41.263881190940936,1.967538251171798,2025-01-14
41.26388226136543,1.9676576130467558,2025-01-14
41.26388333166621,1.9677769749281537,2025-01-14
41.26388440184326,1.96789633681599,2025-01-14
41.263885471896586,1.9680156987102646,2025-01-14
41.26388654182619,1.9681350606109764,2025-01-14
41.26388761163208,1.9682544225181247,2025-01-14
41.26388868131425,1.9683737844317086,2025-01-14
41.263889750872686,1.9684931463517277,2025-01-14
41.26389082030741,1.968612508278181,2025-01-14
41.2638918896184,1.968731870211068,2025-01-14
41.26389295880568,1.968851232150388,2025-01-14
41.26389402786923,1.9689705940961397,2025-01-14
41.26389509680905,1.9690899560483226,2025-01-14
41.26389616562516,1.9692093180069363,2025-01-14
41.26389723431755,1.9693286799719802,2025-01-14
41.263899371331156,1.969567403921354,2025-01-14
41.263900439652375,1.9696867659056823,2025-01-14
41.263901507849866,1.969806127896438,2025-01-14
41.26390257592364,1.9699254898936196,2025-01-14
41.26390364387369,1.970044851897227,2025-01-14
41.26359971383789,1.9464127491822325,2025-01-14
41.26360189835325,1.9466514703078168,2025-01-14
41.263602990425355,1.946770830880465,2025-01-14
41.26360408237374,1.946890191459682,2025-01-14
41.2636051741984,1.9470095520454682,2025-01-14
41.263606265899355,1.947128912637823,2025-01-14
41.26360735747658,1.947248273236745,2025-01-14
41.26360844893011,1.947367633842234,2025-01-14
41.2636095402599,1.9474869944542887,2025-01-14
41.26361063146597,1.9476063550729086,2025-01-14
41.26361172254833,1.9477257156980925,2025-01-14
41.263614995053096,1.9480837976130252,2025-01-14
41.26361717610434,1.9483225189224553,2025-01-14
41.2636182664444,1.9484418795870109,2025-01-14
41.263619356660726,1.9485612402581256,2025-01-14
41.26362044675333,1.9486806009357989,2025-01-14
41.26362153672222,1.9487999616200298,2025-01-14
41.2636226265674,1.9489193223108172,2025-01-14
41.26362371628885,1.9490386830081616,2025-01-14
41.263624805886586,1.9491580437120613,2025-01-14
41.263625895360605,1.9492774044225158,2025-01-14
41.2636269847109,1.9493967651395248,2025-01-14
41.263807170670844,1.9693300962321356,2025-01-14
41.26380823923614,1.969449458039662,2025-01-14
41.26380930767771,1.9695688198536163,2025-01-14
41.263813580206794,1.9700462671737038,2025-01-14
41.26381464802977,1.9701656290197889,2025-01-14
41.26381571572901,1.9702849908722988,2025-01-14
41.263816783304534,1.97040435273123,2025-01-14
41.26381785075634,1.9705237145965846,2025-01-14
41.26381891808442,1.970643076468361,2025-01-14
41.26381998528876,1.970762438346558,2025-01-14
41.2638210523694,1.9708818002311752,2025-01-14
41.26382211932631,1.9710011621222114,2025-01-14
41.2638231861595,1.9711205240196665,2025-01-14
41.26382425286897,1.9712398859235398,2025-01-14
41.263825319454725,1.97135924783383,2025-01-14
41.263826385916744,1.971478609750537,2025-01-14
41.26382745225504,1.971597971673659,2025-01-14
41.26382851846962,1.9717173336031963,2025-01-14
41.26382958456047,1.971836695539148,2025-01-14
41.26383065052761,1.9719560574815127,2025-01-14
41.26383171637102,1.9720754194302903,2025-01-14
41.26383278209071,1.9721947813854797,2025-01-14
41.26383384768668,1.9723141433470806,2025-01-14
41.263834913158924,1.9724335053150917,2025-01-14
41.263835978507444,1.972552867289513,2025-01-14
41.26383704373225,1.9726722292703422,2025-01-14
41.26383810883332,1.9727915912575809,2025-01-14
41.26383917381069,1.9729109532512261,2025-01-14
41.263840238664315,1.9730303152512783,2025-01-14
41.26384130339422,1.9731496772577368,2025-01-14
41.263842368000425,1.9732690392706003,2025-01-14
41.26384343248288,1.9733884012898686,2025-01-14
41.26384449684162,1.97350776331554,2025-01-14
41.26384556107664,1.9736271253476156,2025-01-14
41.263846625187945,1.9737464873860924,2025-01-14
41.26384768917551,1.9738658494309713,2025-01-14
41.263848753039376,1.9739852114822507,2025-01-14
41.263849816779505,1.97410457353993,2025-01-14
41.263850880395914,1.9742239356040088,2025-01-14
41.2638519438886,1.9743432976744864,2025-01-14
41.26385300725755,1.9744626597513617,2025-01-14
41.26385407050281,1.974582021834634,2025-01-14
41.26385513362432,1.9747013839243024,2025-01-14
41.2638561966221,1.9748207460203668,2025-01-14
41.263857259496184,1.9749401081228257,2025-01-14
41.26385832224653,1.975059470231679,2025-01-14
41.26385938487316,1.975178832346925,2025-01-14
41.26386044737606,1.9752981944685646,2025-01-14
41.26386150975524,1.9754175565965955,2025-01-14
41.2638625720107,1.9755369187310172,2025-01-14
41.26386363414244,1.9756562808718297,2025-01-14
41.26386469615044,1.975775643019032,2025-01-14
41.26386575803474,1.9758950051726227,2025-01-14
41.263866819795304,1.976014367332602,2025-01-14
41.26386788143215,1.9761337294989685,2025-01-14
41.263868942945265,1.976253091671722,2025-01-14
41.263870004334656,1.976372453850861,2025-01-14
41.26387106560034,1.9764918160363851,2025-01-14
41.263872126742285,1.9766111782282938,2025-01-14
41.263873187760524,1.976730540426586,2025-01-14
41.26387424865503,1.9768499026312616,2025-01-14
41.26387530942581,1.976969264842319,2025-01-14
41.263876370072865,1.9770886270597576,2025-01-14
41.2638774305962,1.9772079892835777,2025-01-14
41.263878490995815,1.9773273515137768,2025-01-14
41.26387955127171,1.9774467137503555,2025-01-14
41.26388061142387,1.9775660759933131,2025-01-14
41.26388167145232,1.9776854382426479,2025-01-14
41.263882731357036,1.97780480049836,2025-01-14
41.263883791138035,1.977924162760448,2025-01-14
41.26388485079531,1.9780435250289123,2025-01-14
41.26388591032886,1.9781628873037505,2025-01-14
41.263886969738685,1.9782822495849628,2025-01-14
41.263509650843176,1.946414196912868,2025-01-14
41.26351074315927,1.9465335573084352,2025-01-14
41.263511835351665,1.946652917710574,2025-01-14
41.263521659515796,1.9477271616253973,2025-01-14
41.263522750471004,1.947846522093206,2025-01-14
41.26352384130249,1.9479658825675774,2025-01-14
41.263524932010256,1.9480852430485112,2025-01-14
41.263526022594306,1.9482046035360066,2025-01-14
41.263527113054636,1.9483239640300625,2025-01-14
41.26379690583918,1.978283653542685,2025-01-14
41.26370684193821,1.9782850574940345,2025-01-14
41.26361465911245,1.9780477378666428,2025-01-14
41.26361571863598,1.9781670996496397,2025-01-14
41.263616778035804,1.97828646143901,2025-01-14
41.263524595215245,1.9780491421331368,2025-01-14
