412125.0,4568615.0,2025-04-21
412595.0,4568595.0,2025-04-21
412625.0,4568595.0,2025-04-21
412655.0,4568595.0,2025-04-21
412145.0,4568585.0,2025-04-21
412155.0,4568585.0,2025-04-21
412165.0,4568585.0,2025-04-21
412175.0,4568585.0,2025-04-21
412185.0,4568585.0,2025-04-21
412195.0,4568585.0,2025-04-21
412205.0,4568585.0,2025-04-21
412215.0,4568585.0,2025-04-21
412225.0,4568585.0,2025-04-21
412235.0,4568585.0,2025-04-21
412245.0,4568585.0,2025-04-21
412255.0,4568585.0,2025-04-21
412265.0,4568585.0,2025-04-21
412275.0,4568585.0,2025-04-21
412285.0,4568585.0,2025-04-21
412295.0,4568585.0,2025-04-21
412305.0,4568585.0,2025-04-21
412315.0,4568585.0,2025-04-21
412325.0,4568585.0,2025-04-21
412335.0,4568585.0,2025-04-21
412345.0,4568585.0,2025-04-21
412355.0,4568585.0,2025-04-21
412365.0,4568585.0,2025-04-21
412375.0,4568585.0,2025-04-21
412385.0,4568585.0,2025-04-21
412395.0,4568585.0,2025-04-21
412405.0,4568585.0,2025-04-21
412415.0,4568585.0,2025-04-21
412425.0,4568585.0,2025-04-21
412435.0,4568585.0,2025-04-21
412445.0,4568585.0,2025-04-21
412455.0,4568585.0,2025-04-21
412465.0,4568585.0,2025-04-21
412475.0,4568585.0,2025-04-21
412485.0,4568585.0,2025-04-21
412495.0,4568585.0,2025-04-21
412505.0,4568585.0,2025-04-21
412515.0,4568585.0,2025-04-21
412525.0,4568585.0,2025-04-21
412535.0,4568585.0,2025-04-21
412545.0,4568585.0,2025-04-21
412555.0,4568585.0,2025-04-21
412565.0,4568585.0,2025-04-21
412575.0,4568585.0,2025-04-21
412585.0,4568585.0,2025-04-21
412595.0,4568585.0,2025-04-21
412605.0,4568585.0,2025-04-21
412615.0,4568585.0,2025-04-21
412625.0,4568585.0,2025-04-21
412635.0,4568585.0,2025-04-21
412645.0,4568585.0,2025-04-21
412655.0,4568585.0,2025-04-21
412665.0,4568585.0,2025-04-21
412675.0,4568585.0,2025-04-21
412685.0,4568585.0,2025-04-21
412695.0,4568585.0,2025-04-21
412705.0,4568585.0,2025-04-21
412715.0,4568585.0,2025-04-21
412725.0,4568585.0,2025-04-21
412735.0,4568585.0,2025-04-21
412745.0,4568585.0,2025-04-21
412755.0,4568585.0,2025-04-21
412765.0,4568585.0,2025-04-21
412775.0,4568585.0,2025-04-21
412785.0,4568585.0,2025-04-21
412795.0,4568585.0,2025-04-21
412805.0,4568585.0,2025-04-21
412815.0,4568585.0,2025-04-21
412825.0,4568585.0,2025-04-21
412835.0,4568585.0,2025-04-21
412845.0,4568585.0,2025-04-21
412855.0,4568585.0,2025-04-21
412865.0,4568585.0,2025-04-21
412875.0,4568585.0,2025-04-21
412885.0,4568585.0,2025-04-21
412895.0,4568585.0,2025-04-21
412905.0,4568585.0,2025-04-21
412915.0,4568585.0,2025-04-21
412925.0,4568585.0,2025-04-21
412935.0,4568585.0,2025-04-21
412945.0,4568585.0,2025-04-21
412955.0,4568585.0,2025-04-21
412965.0,4568585.0,2025-04-21
412975.0,4568585.0,2025-04-21
412985.0,4568585.0,2025-04-21
412995.0,4568585.0,2025-04-21
413025.0,4568585.0,2025-04-21
413255.0,4568585.0,2025-04-21
413265.0,4568585.0,2025-04-21
413305.0,4568585.0,2025-04-21
413315.0,4568585.0,2025-04-21
413325.0,4568585.0,2025-04-21
413355.0,4568585.0,2025-04-21
413365.0,4568585.0,2025-04-21
413375.0,4568585.0,2025-04-21
413385.0,4568585.0,2025-04-21
413405.0,4568585.0,2025-04-21
413415.0,4568585.0,2025-04-21
413425.0,4568585.0,2025-04-21
413435.0,4568585.0,2025-04-21
413445.0,4568585.0,2025-04-21
413455.0,4568585.0,2025-04-21
413465.0,4568585.0,2025-04-21
413475.0,4568585.0,2025-04-21
413485.0,4568585.0,2025-04-21
413495.0,4568585.0,2025-04-21
413505.0,4568585.0,2025-04-21
413525.0,4568585.0,2025-04-21
413645.0,4568585.0,2025-04-21
416105.0,4568585.0,2025-04-21
416145.0,4568585.0,2025-04-21
416155.0,4568585.0,2025-04-21
416165.0,4568585.0,2025-04-21
416175.0,4568585.0,2025-04-21
416185.0,4568585.0,2025-04-21
416195.0,4568585.0,2025-04-21
416205.0,4568585.0,2025-04-21
416215.0,4568585.0,2025-04-21
416225.0,4568585.0,2025-04-21
416235.0,4568585.0,2025-04-21
416245.0,4568585.0,2025-04-21
416255.0,4568585.0,2025-04-21
416265.0,4568585.0,2025-04-21
416275.0,4568585.0,2025-04-21
416285.0,4568585.0,2025-04-21
416295.0,4568585.0,2025-04-21
416305.0,4568585.0,2025-04-21
416315.0,4568585.0,2025-04-21
416325.0,4568585.0,2025-04-21
416335.0,4568585.0,2025-04-21
416345.0,4568585.0,2025-04-21
416355.0,4568585.0,2025-04-21
416365.0,4568585.0,2025-04-21
416375.0,4568585.0,2025-04-21
416385.0,4568585.0,2025-04-21
416395.0,4568585.0,2025-04-21
416405.0,4568585.0,2025-04-21
411995.0,4568575.0,2025-04-21
412005.0,4568575.0,2025-04-21
412015.0,4568575.0,2025-04-21
412025.0,4568575.0,2025-04-21
412035.0,4568575.0,2025-04-21
412045.0,4568575.0,2025-04-21
412055.0,4568575.0,2025-04-21
412065.0,4568575.0,2025-04-21
412075.0,4568575.0,2025-04-21
412085.0,4568575.0,2025-04-21
412095.0,4568575.0,2025-04-21
412105.0,4568575.0,2025-04-21
412115.0,4568575.0,2025-04-21
412125.0,4568575.0,2025-04-21
412135.0,4568575.0,2025-04-21
412145.0,4568575.0,2025-04-21
412995.0,4568575.0,2025-04-21
413005.0,4568575.0,2025-04-21
413015.0,4568575.0,2025-04-21
413025.0,4568575.0,2025-04-21
413035.0,4568575.0,2025-04-21
413045.0,4568575.0,2025-04-21
413055.0,4568575.0,2025-04-21
413065.0,4568575.0,2025-04-21
413075.0,4568575.0,2025-04-21
413085.0,4568575.0,2025-04-21
413095.0,4568575.0,2025-04-21
413105.0,4568575.0,2025-04-21
413115.0,4568575.0,2025-04-21
413125.0,4568575.0,2025-04-21
413135.0,4568575.0,2025-04-21
413145.0,4568575.0,2025-04-21
413155.0,4568575.0,2025-04-21
413165.0,4568575.0,2025-04-21
413175.0,4568575.0,2025-04-21
413185.0,4568575.0,2025-04-21
413195.0,4568575.0,2025-04-21
413205.0,4568575.0,2025-04-21
413215.0,4568575.0,2025-04-21
413225.0,4568575.0,2025-04-21
413235.0,4568575.0,2025-04-21
413245.0,4568575.0,2025-04-21
413255.0,4568575.0,2025-04-21
413265.0,4568575.0,2025-04-21
413275.0,4568575.0,2025-04-21
413285.0,4568575.0,2025-04-21
413295.0,4568575.0,2025-04-21
413305.0,4568575.0,2025-04-21
413325.0,4568575.0,2025-04-21
413335.0,4568575.0,2025-04-21
413345.0,4568575.0,2025-04-21
413355.0,4568575.0,2025-04-21
413385.0,4568575.0,2025-04-21
413395.0,4568575.0,2025-04-21
413405.0,4568575.0,2025-04-21
413505.0,4568575.0,2025-04-21
413515.0,4568575.0,2025-04-21
413525.0,4568575.0,2025-04-21
413535.0,4568575.0,2025-04-21
413545.0,4568575.0,2025-04-21
413555.0,4568575.0,2025-04-21
413565.0,4568575.0,2025-04-21
413575.0,4568575.0,2025-04-21
413585.0,4568575.0,2025-04-21
413595.0,4568575.0,2025-04-21
413605.0,4568575.0,2025-04-21
413615.0,4568575.0,2025-04-21
413625.0,4568575.0,2025-04-21
413635.0,4568575.0,2025-04-21
413645.0,4568575.0,2025-04-21
413655.0,4568575.0,2025-04-21
413665.0,4568575.0,2025-04-21
413675.0,4568575.0,2025-04-21
413685.0,4568575.0,2025-04-21
413695.0,4568575.0,2025-04-21
413705.0,4568575.0,2025-04-21
413715.0,4568575.0,2025-04-21
413725.0,4568575.0,2025-04-21
413735.0,4568575.0,2025-04-21
413745.0,4568575.0,2025-04-21
413755.0,4568575.0,2025-04-21
413765.0,4568575.0,2025-04-21
413775.0,4568575.0,2025-04-21
413785.0,4568575.0,2025-04-21
413795.0,4568575.0,2025-04-21
413805.0,4568575.0,2025-04-21
413815.0,4568575.0,2025-04-21
413825.0,4568575.0,2025-04-21
413835.0,4568575.0,2025-04-21
413845.0,4568575.0,2025-04-21
413855.0,4568575.0,2025-04-21
413865.0,4568575.0,2025-04-21
413935.0,4568575.0,2025-04-21
413945.0,4568575.0,2025-04-21
413955.0,4568575.0,2025-04-21
413965.0,4568575.0,2025-04-21
413975.0,4568575.0,2025-04-21
413985.0,4568575.0,2025-04-21
413995.0,4568575.0,2025-04-21
414005.0,4568575.0,2025-04-21
414035.0,4568575.0,2025-04-21
414045.0,4568575.0,2025-04-21
414055.0,4568575.0,2025-04-21
414065.0,4568575.0,2025-04-21
414095.0,4568575.0,2025-04-21
414105.0,4568575.0,2025-04-21
414115.0,4568575.0,2025-04-21
414125.0,4568575.0,2025-04-21
414135.0,4568575.0,2025-04-21
414145.0,4568575.0,2025-04-21
414205.0,4568575.0,2025-04-21
414295.0,4568575.0,2025-04-21
414425.0,4568575.0,2025-04-21
414435.0,4568575.0,2025-04-21
414445.0,4568575.0,2025-04-21
415865.0,4568575.0,2025-04-21
415875.0,4568575.0,2025-04-21
415885.0,4568575.0,2025-04-21
415895.0,4568575.0,2025-04-21
415905.0,4568575.0,2025-04-21
415915.0,4568575.0,2025-04-21
415925.0,4568575.0,2025-04-21
415935.0,4568575.0,2025-04-21
415945.0,4568575.0,2025-04-21
415955.0,4568575.0,2025-04-21
415965.0,4568575.0,2025-04-21
415975.0,4568575.0,2025-04-21
415985.0,4568575.0,2025-04-21
415995.0,4568575.0,2025-04-21
416005.0,4568575.0,2025-04-21
416015.0,4568575.0,2025-04-21
416025.0,4568575.0,2025-04-21
416035.0,4568575.0,2025-04-21
416045.0,4568575.0,2025-04-21
416055.0,4568575.0,2025-04-21
416075.0,4568575.0,2025-04-21
416085.0,4568575.0,2025-04-21
416095.0,4568575.0,2025-04-21
416105.0,4568575.0,2025-04-21
416115.0,4568575.0,2025-04-21
416125.0,4568575.0,2025-04-21
416135.0,4568575.0,2025-04-21
416145.0,4568575.0,2025-04-21
411925.0,4568565.0,2025-04-21
411935.0,4568565.0,2025-04-21
411945.0,4568565.0,2025-04-21
411955.0,4568565.0,2025-04-21
411965.0,4568565.0,2025-04-21
411975.0,4568565.0,2025-04-21
411985.0,4568565.0,2025-04-21
411995.0,4568565.0,2025-04-21
413865.0,4568565.0,2025-04-21
413875.0,4568565.0,2025-04-21
413885.0,4568565.0,2025-04-21
413895.0,4568565.0,2025-04-21
413905.0,4568565.0,2025-04-21
413915.0,4568565.0,2025-04-21
413925.0,4568565.0,2025-04-21
413935.0,4568565.0,2025-04-21
414005.0,4568565.0,2025-04-21
414015.0,4568565.0,2025-04-21
414025.0,4568565.0,2025-04-21
414035.0,4568565.0,2025-04-21
414065.0,4568565.0,2025-04-21
414075.0,4568565.0,2025-04-21
414085.0,4568565.0,2025-04-21
414095.0,4568565.0,2025-04-21
414145.0,4568565.0,2025-04-21
414155.0,4568565.0,2025-04-21
414165.0,4568565.0,2025-04-21
414175.0,4568565.0,2025-04-21
414185.0,4568565.0,2025-04-21
414195.0,4568565.0,2025-04-21
414205.0,4568565.0,2025-04-21
414215.0,4568565.0,2025-04-21
414225.0,4568565.0,2025-04-21
414235.0,4568565.0,2025-04-21
414245.0,4568565.0,2025-04-21
414255.0,4568565.0,2025-04-21
414265.0,4568565.0,2025-04-21
414275.0,4568565.0,2025-04-21
414285.0,4568565.0,2025-04-21
414295.0,4568565.0,2025-04-21
414305.0,4568565.0,2025-04-21
414315.0,4568565.0,2025-04-21
414325.0,4568565.0,2025-04-21
414335.0,4568565.0,2025-04-21
414345.0,4568565.0,2025-04-21
414355.0,4568565.0,2025-04-21
414365.0,4568565.0,2025-04-21
414375.0,4568565.0,2025-04-21
414385.0,4568565.0,2025-04-21
414395.0,4568565.0,2025-04-21
414405.0,4568565.0,2025-04-21
414415.0,4568565.0,2025-04-21
414425.0,4568565.0,2025-04-21
414445.0,4568565.0,2025-04-21
414455.0,4568565.0,2025-04-21
414465.0,4568565.0,2025-04-21
414475.0,4568565.0,2025-04-21
414485.0,4568565.0,2025-04-21
414495.0,4568565.0,2025-04-21
414505.0,4568565.0,2025-04-21
414515.0,4568565.0,2025-04-21
414525.0,4568565.0,2025-04-21
414535.0,4568565.0,2025-04-21
414545.0,4568565.0,2025-04-21
414555.0,4568565.0,2025-04-21
414565.0,4568565.0,2025-04-21
414575.0,4568565.0,2025-04-21
414585.0,4568565.0,2025-04-21
414595.0,4568565.0,2025-04-21
414605.0,4568565.0,2025-04-21
414615.0,4568565.0,2025-04-21
414625.0,4568565.0,2025-04-21
414635.0,4568565.0,2025-04-21
414645.0,4568565.0,2025-04-21
414655.0,4568565.0,2025-04-21
414665.0,4568565.0,2025-04-21
414675.0,4568565.0,2025-04-21
414685.0,4568565.0,2025-04-21
414765.0,4568565.0,2025-04-21
414775.0,4568565.0,2025-04-21
414785.0,4568565.0,2025-04-21
414795.0,4568565.0,2025-04-21
414805.0,4568565.0,2025-04-21
414945.0,4568565.0,2025-04-21
414955.0,4568565.0,2025-04-21
414965.0,4568565.0,2025-04-21
414975.0,4568565.0,2025-04-21
414985.0,4568565.0,2025-04-21
414995.0,4568565.0,2025-04-21
415005.0,4568565.0,2025-04-21
415055.0,4568565.0,2025-04-21
415065.0,4568565.0,2025-04-21
415115.0,4568565.0,2025-04-21
415125.0,4568565.0,2025-04-21
415135.0,4568565.0,2025-04-21
415145.0,4568565.0,2025-04-21
415155.0,4568565.0,2025-04-21
415165.0,4568565.0,2025-04-21
415175.0,4568565.0,2025-04-21
415285.0,4568565.0,2025-04-21
415295.0,4568565.0,2025-04-21
415305.0,4568565.0,2025-04-21
415315.0,4568565.0,2025-04-21
415325.0,4568565.0,2025-04-21
415335.0,4568565.0,2025-04-21
415345.0,4568565.0,2025-04-21
415435.0,4568565.0,2025-04-21
415445.0,4568565.0,2025-04-21
415455.0,4568565.0,2025-04-21
415465.0,4568565.0,2025-04-21
415475.0,4568565.0,2025-04-21
415495.0,4568565.0,2025-04-21
415505.0,4568565.0,2025-04-21
415515.0,4568565.0,2025-04-21
415615.0,4568565.0,2025-04-21
415625.0,4568565.0,2025-04-21
415635.0,4568565.0,2025-04-21
415645.0,4568565.0,2025-04-21
415655.0,4568565.0,2025-04-21
415665.0,4568565.0,2025-04-21
415675.0,4568565.0,2025-04-21
415685.0,4568565.0,2025-04-21
415695.0,4568565.0,2025-04-21
415705.0,4568565.0,2025-04-21
415715.0,4568565.0,2025-04-21
415725.0,4568565.0,2025-04-21
415745.0,4568565.0,2025-04-21
415755.0,4568565.0,2025-04-21
415765.0,4568565.0,2025-04-21
415775.0,4568565.0,2025-04-21
415785.0,4568565.0,2025-04-21
415795.0,4568565.0,2025-04-21
415805.0,4568565.0,2025-04-21
415815.0,4568565.0,2025-04-21
415825.0,4568565.0,2025-04-21
415835.0,4568565.0,2025-04-21
415845.0,4568565.0,2025-04-21
415855.0,4568565.0,2025-04-21
415865.0,4568565.0,2025-04-21
416055.0,4568565.0,2025-04-21
416065.0,4568565.0,2025-04-21
416075.0,4568565.0,2025-04-21
411795.0,4568555.0,2025-04-21
411805.0,4568555.0,2025-04-21
411815.0,4568555.0,2025-04-21
411825.0,4568555.0,2025-04-21
411835.0,4568555.0,2025-04-21
411845.0,4568555.0,2025-04-21
411855.0,4568555.0,2025-04-21
411865.0,4568555.0,2025-04-21
411875.0,4568555.0,2025-04-21
411885.0,4568555.0,2025-04-21
411895.0,4568555.0,2025-04-21
411905.0,4568555.0,2025-04-21
411915.0,4568555.0,2025-04-21
411925.0,4568555.0,2025-04-21
414685.0,4568555.0,2025-04-21
414695.0,4568555.0,2025-04-21
414705.0,4568555.0,2025-04-21
414715.0,4568555.0,2025-04-21
414725.0,4568555.0,2025-04-21
414735.0,4568555.0,2025-04-21
414745.0,4568555.0,2025-04-21
414755.0,4568555.0,2025-04-21
414765.0,4568555.0,2025-04-21
414805.0,4568555.0,2025-04-21
414815.0,4568555.0,2025-04-21
414825.0,4568555.0,2025-04-21
414835.0,4568555.0,2025-04-21
414845.0,4568555.0,2025-04-21
414855.0,4568555.0,2025-04-21
414865.0,4568555.0,2025-04-21
414875.0,4568555.0,2025-04-21
414885.0,4568555.0,2025-04-21
414895.0,4568555.0,2025-04-21
414905.0,4568555.0,2025-04-21
414915.0,4568555.0,2025-04-21
414925.0,4568555.0,2025-04-21
414935.0,4568555.0,2025-04-21
414945.0,4568555.0,2025-04-21
415005.0,4568555.0,2025-04-21
415015.0,4568555.0,2025-04-21
415025.0,4568555.0,2025-04-21
415035.0,4568555.0,2025-04-21
415045.0,4568555.0,2025-04-21
415055.0,4568555.0,2025-04-21
415065.0,4568555.0,2025-04-21
415075.0,4568555.0,2025-04-21
415085.0,4568555.0,2025-04-21
415095.0,4568555.0,2025-04-21
415105.0,4568555.0,2025-04-21
415115.0,4568555.0,2025-04-21
415175.0,4568555.0,2025-04-21
415185.0,4568555.0,2025-04-21
415195.0,4568555.0,2025-04-21
415205.0,4568555.0,2025-04-21
415215.0,4568555.0,2025-04-21
415225.0,4568555.0,2025-04-21
415235.0,4568555.0,2025-04-21
415245.0,4568555.0,2025-04-21
415255.0,4568555.0,2025-04-21
415265.0,4568555.0,2025-04-21
415275.0,4568555.0,2025-04-21
415285.0,4568555.0,2025-04-21
415345.0,4568555.0,2025-04-21
415355.0,4568555.0,2025-04-21
415365.0,4568555.0,2025-04-21
415375.0,4568555.0,2025-04-21
415385.0,4568555.0,2025-04-21
415395.0,4568555.0,2025-04-21
415405.0,4568555.0,2025-04-21
415415.0,4568555.0,2025-04-21
415425.0,4568555.0,2025-04-21
415435.0,4568555.0,2025-04-21
415475.0,4568555.0,2025-04-21
415485.0,4568555.0,2025-04-21
415495.0,4568555.0,2025-04-21
415515.0,4568555.0,2025-04-21
415525.0,4568555.0,2025-04-21
415535.0,4568555.0,2025-04-21
415545.0,4568555.0,2025-04-21
415555.0,4568555.0,2025-04-21
415565.0,4568555.0,2025-04-21
415575.0,4568555.0,2025-04-21
415585.0,4568555.0,2025-04-21
415595.0,4568555.0,2025-04-21
415605.0,4568555.0,2025-04-21
415615.0,4568555.0,2025-04-21
415725.0,4568555.0,2025-04-21
415735.0,4568555.0,2025-04-21
415745.0,4568555.0,2025-04-21
411745.0,4568545.0,2025-04-21
411755.0,4568545.0,2025-04-21
411765.0,4568545.0,2025-04-21
411775.0,4568545.0,2025-04-21
411785.0,4568545.0,2025-04-21
411795.0,4568545.0,2025-04-21
