41.26418151372691,1.9509398059137204,2025-04-21
41.26405237245158,1.9565526848779102,2025-04-21
41.2640556175316,1.9569107702109534,2025-04-21
41.26405886149811,1.9572688556025553,2025-04-21
41.263913499506515,1.9511828531222322,2025-04-21
41.26391458688758,1.9513022144358296,2025-04-21
41.26391567414493,1.9514215757559683,2025-04-21
41.26391676127856,1.9515409370826484,2025-04-21
41.263917848288486,1.9516602984158684,2025-04-21
41.26391893517468,1.9517796597556274,2025-04-21
41.26392002193715,1.951899021101925,2025-04-21
41.26392110857591,1.9520183824547601,2025-04-21
41.26392219509093,1.9521377438141327,2025-04-21
41.26392328148224,1.9522571051800413,2025-04-21
41.26392436774984,1.9523764665524852,2025-04-21
41.263925453893705,1.9524958279314644,2025-04-21
41.26392653991386,1.9526151893169774,2025-04-21
41.2639276258103,1.9527345507090235,2025-04-21
41.263928711583,1.9528539121076027,2025-04-21
41.26392979723199,1.9529732735127137,2025-04-21
41.26393088275726,1.9530926349243554,2025-04-21
41.26393196815881,1.9532119963425274,2025-04-21
41.26393305343664,1.9533313577672295,2025-04-21
41.263934138590756,1.95345071919846,2025-04-21
41.26393522362114,1.9535700806362188,2025-04-21
41.26393630852781,1.9536894420805044,2025-04-21
41.263937393310755,1.9538088035313173,2025-04-21
41.26393847796998,1.953928164988656,2025-04-21
41.26393956250549,1.95404752645252,2025-04-21
41.26394064691727,1.954166887922908,2025-04-21
41.263941731205335,1.9542862493998197,2025-04-21
41.26394281536968,1.954405610883254,2025-04-21
41.26394389941031,1.9545249723732108,2025-04-21
41.26394498332721,1.9546443338696893,2025-04-21
41.26394606712039,1.954763695372688,2025-04-21
41.26394715078985,1.9548830568822066,2025-04-21
41.26394823433559,1.9550024183982446,2025-04-21
41.26394931775762,1.9551217799208005,2025-04-21
41.263950401055915,1.955241141449875,2025-04-21
41.263951484230496,1.955360502985466,2025-04-21
41.26395256728135,1.955479864527573,2025-04-21
41.263953650208485,1.955599226076196,2025-04-21
41.263954733011914,1.9557185876313332,2025-04-21
41.26395581569161,1.9558379491929847,2025-04-21
41.26395689824758,1.955957310761149,2025-04-21
41.26395798067983,1.9560766723358263,2025-04-21
41.26395906298837,1.9561960339170148,2025-04-21
41.26396014517318,1.9563153955047148,2025-04-21
41.26396122723426,1.9564347570989251,2025-04-21
41.26396230917164,1.9565541186996442,2025-04-21
41.26396339098529,1.9566734803068728,2025-04-21
41.26396447267521,1.9567928419206089,2025-04-21
41.263965554241416,1.9569122035408524,2025-04-21
41.263966635683914,1.9570315651676027,2025-04-21
41.26396771700267,1.9571509268008587,2025-04-21
41.26396879819772,1.9572702884406195,2025-04-21
41.26396987926905,1.957389650086885,2025-04-21
41.263970960216646,1.9575090117396536,2025-04-21
41.26397204104052,1.9576283733989253,2025-04-21
41.26397312174069,1.9577477350646988,2025-04-21
41.26397420231712,1.9578670967369736,2025-04-21
41.26397528276984,1.9579864584157496,2025-04-21
41.26397636309884,1.958105820101025,2025-04-21
41.26397744330412,1.9582251817927991,2025-04-21
41.26397852338567,1.958344543491072,2025-04-21
41.2639796033435,1.9584639051958426,2025-04-21
41.26398068317761,1.95858326690711,2025-04-21
41.263981762888,1.9587026286248737,2025-04-21
41.26398284247468,1.9588219903491322,2025-04-21
41.263983921937616,1.9589413520798857,2025-04-21
41.26398500127684,1.959060713817133,2025-04-21
41.263986080492344,1.9591800755608733,2025-04-21
41.26398715958413,1.9592994373111061,2025-04-21
41.263988238552194,1.9594187990678307,2025-04-21
41.263989317396536,1.959538160831046,2025-04-21
41.26399039611716,1.9596575226007515,2025-04-21
41.263991474714054,1.9597768843769463,2025-04-21
41.26399255318723,1.9598962461596303,2025-04-21
41.26399363153668,1.9600156079488018,2025-04-21
41.263994709762414,1.9601349697444608,2025-04-21
41.263995787864424,1.960254331546606,2025-04-21
41.263996865842714,1.960373693355237,2025-04-21
41.26399794369729,1.9604930551703525,2025-04-21
41.26399902142813,1.960612416991953,2025-04-21
41.26400009903525,1.9607317788200365,2025-04-21
41.26400117651866,1.9608511406546028,2025-04-21
41.26400225387834,1.9609705024956514,2025-04-21
41.2640033311143,1.9610898643431804,2025-04-21
41.26400440822653,1.9612092261971907,2025-04-21
41.26400548521505,1.96132858805768,2025-04-21
41.26400871543827,1.9616866736780203,2025-04-21
41.264033443490106,1.9644319987023682,2025-04-21
41.264034517138136,1.9645513607375296,2025-04-21
41.264038810493,1.9650288089427583,2025-04-21
41.264039883522415,1.9651481710102077,2025-04-21
41.264040956428104,1.9652675330841118,2025-04-21
41.264044174402834,1.9656256193445478,2025-04-21
41.26404524681364,1.9657449814442651,2025-04-21
41.26404631910071,1.9658643435504342,2025-04-21
41.26404739126407,1.9659837056630536,2025-04-21
41.26404953521961,1.9662224299076423,2025-04-21
41.2640506070118,1.9663417920396091,2025-04-21
41.26405167868026,1.9664611541780246,2025-04-21
41.264052750225005,1.966580516322887,2025-04-21
41.26405382164602,1.9666998784741956,2025-04-21
41.26405489294332,1.9668192406319496,2025-04-21
41.2640559641169,1.9669386027961482,2025-04-21
41.26405703516675,1.967057964966791,2025-04-21
41.264058106092875,1.9671773271438773,2025-04-21
41.26405917689529,1.967296689327406,2025-04-21
41.264060247573966,1.967416051517376,2025-04-21
41.26406238856016,1.9676547759166398,2025-04-21
41.26407522408464,1.9690871228529359,2025-04-21
41.2643344260644,1.9984504372757168,2025-04-21
41.2643385788677,1.9989278926965761,2025-04-21
41.2643396167592,1.9990472565674047,2025-04-21
41.264340654526976,1.9991666204444771,2025-04-21
41.264341692171016,1.9992859843277926,2025-04-21
41.26434272969133,1.9994053482173506,2025-04-21
41.26434376708794,1.99952471211315,2025-04-21
41.26434480436079,1.9996440760151908,2025-04-21
41.26434584150993,1.9997634399234714,2025-04-21
41.264346878535335,1.9998828038379914,2025-04-21
41.264347915437014,2.0000021677587507,2025-04-21
41.26434895221497,2.0001215316857475,2025-04-21
41.264349988869185,2.000240895618982,2025-04-21
41.26435102539969,2.0003602595584518,2025-04-21
41.264352061806456,2.0004796235041584,2025-04-21
41.2643530980895,2.000598987456099,2025-04-21
41.26435413424881,2.000718351414275,2025-04-21
41.2643551702844,2.000837715378684,2025-04-21
41.264356206196254,2.000957079349326,2025-04-21
41.26435724198437,2.0010764433261996,2025-04-21
41.26435827764878,2.0011958073093044,2025-04-21
41.26435931318945,2.00131517129864,2025-04-21
41.264360348606395,2.001434535294205,2025-04-21
41.264361383899605,2.001553899296,2025-04-21
41.264362419069094,2.0016732633040224,2025-04-21
41.26436345411486,2.0017926273182725,2025-04-21
41.264364489036886,2.0019119913387495,2025-04-21
41.264365523835195,2.0020313553654523,2025-04-21
41.26380711086775,1.9493938778555644,2025-04-21
41.263808200101195,1.949513238907008,2025-04-21
41.263809289210926,1.9496325999650042,2025-04-21
41.26381037819692,1.9497519610295526,2025-04-21
41.263811467059206,1.9498713221006523,2025-04-21
41.26381255579778,1.9499906831783018,2025-04-21
41.263813644412615,1.9501100442625012,2025-04-21
41.26381473290374,1.9502294053532496,2025-04-21
41.26381582127115,1.9503487664505461,2025-04-21
41.26381690951483,1.95046812755439,2025-04-21
41.2638179976348,1.9505874886647805,2025-04-21
41.26381908563105,1.950706849781717,2025-04-21
41.263820173503575,1.9508262109051984,2025-04-21
41.26382126125238,1.950945572035225,2025-04-21
41.26382234887747,1.9510649331717946,2025-04-21
41.263823436378836,1.9511842943149071,2025-04-21
41.263915421797655,1.961330015315114,2025-04-21
41.26391649865905,1.9614493770181376,2025-04-21
41.26391757539673,1.9615687387276393,2025-04-21
41.2639186520107,1.9616881004436182,2025-04-21
41.26391972850094,1.9618074621660735,2025-04-21
41.26392080486745,1.9619268238950056,2025-04-21
41.26392188111025,1.9620461856304126,2025-04-21
41.26392295722932,1.9621655473722939,2025-04-21
41.263924033224676,1.9622849091206493,2025-04-21
41.26392510909631,1.9624042708754774,2025-04-21
41.26392618484422,1.962523632636778,2025-04-21
41.26392726046841,1.96264299440455,2025-04-21
41.26392833596888,1.9627623561787928,2025-04-21
41.26392941134563,1.962881717959506,2025-04-21
41.26393048659864,1.9630010797466884,2025-04-21
41.263931561727944,1.9631204415403387,2025-04-21
41.263932636733536,1.9632398033404572,2025-04-21
41.26393371161539,1.963359165147043,2025-04-21
41.263934786373525,1.9634785269600952,2025-04-21
41.26393586100794,1.9635978887796128,2025-04-21
41.263936935518636,1.9637172506055947,2025-04-21
41.2639380099056,1.9638366124380415,2025-04-21
41.263939084168854,1.9639559742769512,2025-04-21
41.26394015830839,1.9640753361223235,2025-04-21
41.263941232324186,1.9641946979741578,2025-04-21
41.26394230621628,1.9643140598324536,2025-04-21
41.26394337998464,1.9644334216972088,2025-04-21
41.263944453629286,1.9645527835684242,2025-04-21
41.2639455271502,1.9646721454460987,2025-04-21
41.26394660054739,1.9647915073302311,2025-04-21
41.26394767382088,1.9649108692208208,2025-04-21
41.26394874697063,1.9650302311178676,2025-04-21
41.26395089289896,1.9652689549313274,2025-04-21
41.263951965677556,1.9653883168477397,2025-04-21
41.26395303833242,1.965507678770605,2025-04-21
41.263954110863565,1.9656270406999237,2025-04-21
41.26395732771467,1.96598512652659,2025-04-21
41.26395839975093,1.9661044884817125,2025-04-21
41.263959471663455,1.9662238504432845,2025-04-21
41.26397018398407,1.9674174704135488,2025-04-21
41.26397125453566,1.9675368324460132,2025-04-21
41.26397232496352,1.9676561944849178,2025-04-21
41.26397339526767,1.9677755565302615,2025-04-21
41.263974465448094,1.967894918582045,2025-04-21
41.26397553550479,1.9680142806402658,2025-04-21
41.26397660543777,1.968133642704924,2025-04-21
41.26397767524702,1.9682530047760192,2025-04-21
41.26397874493255,1.96837236685355,2025-04-21
41.26397981449437,1.9684917289375155,2025-04-21
41.263980883932454,1.9686110910279153,2025-04-21
41.26398195324682,1.9687304531247494,2025-04-21
41.26398302243746,1.968849815228016,2025-04-21
41.263984091504376,1.9689691773377147,2025-04-21
41.263985160447575,1.9690885394538444,2025-04-21
41.26398622926705,1.9692079015764055,2025-04-21
41.2639872979628,1.9693272637053958,2025-04-21
41.26398836653483,1.9694466258408154,2025-04-21
41.26398943498314,1.9695659879826635,2025-04-21
41.263990503307724,1.969685350130939,2025-04-21
41.26399157150858,1.9698047122856417,2025-04-21
41.26399263958572,1.9699240744467703,2025-04-21
41.263993707539136,1.9700434366143245,2025-04-21
41.263994775368836,1.9701627987883032,2025-04-21
41.263995843074795,1.9702821609687062,2025-04-21
41.26399691065705,1.970401523155532,2025-04-21
41.263997978115576,1.97052088534878,2025-04-21
41.26399904545037,1.9706402475484504,2025-04-21
41.26400011266145,1.9707596097545412,2025-04-21
41.26400117974881,1.9708789719670525,2025-04-21
41.264002246712444,1.9709983341859834,2025-04-21
41.26400331355236,1.9711176964113324,2025-04-21
41.264004380268545,1.9712370586430998,2025-04-21
41.264005446861,1.9713564208812842,2025-04-21
41.26400651332974,1.9714757831258851,2025-04-21
41.264007579674754,1.9715951453769018,2025-04-21
41.264008645896055,1.9717145076343336,2025-04-21
41.26401610598089,1.9725500436159127,2025-04-21
41.264017171212394,1.9726694059246377,2025-04-21
41.26401823632018,1.9727887682397711,2025-04-21
41.264019301304245,1.9729081305613114,2025-04-21
41.264020366164594,1.9730274928892593,2025-04-21
41.26402143090122,1.9731468552236127,2025-04-21
41.264022495514105,1.9732662175643718,2025-04-21
41.264023560003274,1.973385579911535,2025-04-21
41.26402675272845,1.9737436669914457,2025-04-21
41.26402781672273,1.9738630293642199,2025-04-21
41.26402888059329,1.9739823917433954,2025-04-21
41.26402994434011,1.9741017541289705,2025-04-21
41.26403313483827,1.97445984132409,2025-04-21
41.26403419809021,1.974579203735258,2025-04-21
41.264035261218424,1.974698566152823,2025-04-21
41.26403632422291,1.9748179285767835,2025-04-21
41.264037387103684,1.9749372910071388,2025-04-21
41.26403844986072,1.9750566534438883,2025-04-21
41.26404482380479,1.9757728281986204,2025-04-21
41.26405437636955,1.9768470907619233,2025-04-21
41.26406815682613,1.9783988042658822,2025-04-21
41.264069215995185,1.9785181668877383,2025-04-21
41.26407027504051,1.978637529515967,2025-04-21
41.264219403297375,1.9955870870551458,2025-04-21
41.26422044464996,1.9957064505868876,2025-04-21
41.26422148587883,1.9958258141248946,2025-04-21
41.264222526983964,1.9959451776691648,2025-04-21
41.264223567965374,1.9960645412196987,2025-04-21
41.264224608823056,1.9961839047764953,2025-04-21
41.26422564955701,1.9963032683395532,2025-04-21
41.264226690167234,1.9964226319088718,2025-04-21
41.264227730653744,1.9965419954844512,2025-04-21
41.26422877101651,1.99666135906629,2025-04-21
41.26422981125556,1.9967807226543877,2025-04-21
41.26423085137088,1.9969000862487434,2025-04-21
41.264231891362485,1.9970194498493559,2025-04-21
41.26423293123035,1.9971388134562256,2025-04-21
41.26423397097449,1.9972581770693505,2025-04-21
41.264235010594895,1.9973775406887309,2025-04-21
41.26423605009159,1.997496904314365,2025-04-21
41.26423708946455,1.997616267946253,2025-04-21
41.264238128713785,1.9977356315843937,2025-04-21
41.264239167839285,1.9978549952287867,2025-04-21
41.26424124571912,1.9980937225363256,2025-04-21
41.26424228447344,1.9982130861994702,2025-04-21
41.26424332310403,1.998332449868864,2025-04-21
41.264244361610906,1.998451813544506,2025-04-21
41.26424539999404,1.9985711772263952,2025-04-21
41.264246438253465,1.998690540914532,2025-04-21
41.26424747638915,1.9988099046089145,2025-04-21
41.26424851440111,1.9989292683095425,2025-04-21
41.263709419715845,1.9485597954718388,2025-04-21
41.26371050981189,1.9486791563134522,2025-04-21
41.263711599784216,1.9487985171616231,2025-04-21
41.26371268963282,1.948917878016352,2025-04-21
41.26371377935771,1.949037238877637,2025-04-21
41.26371486895887,1.9491565997454772,2025-04-21
41.26371595843632,1.9492759606198717,2025-04-21
41.26371704779006,1.949395321500821,2025-04-21
41.26391858218357,1.971715920621972,2025-04-21
41.26391964827778,1.9718352827218701,2025-04-21
41.263920714248265,1.9719546448281824,2025-04-21
41.263921780095046,1.9720740069409068,2025-04-21
41.26392284581809,1.9721933690600428,2025-04-21
41.263923911417415,1.972312731185591,2025-04-21
41.263924976893,1.9724320933175494,2025-04-21
41.26392604224489,1.9725514554559171,2025-04-21
41.26393349624381,1.9733869906039037,2025-04-21
41.263934560605904,1.9735063527935233,2025-04-21
41.26393562484427,1.9736257149895455,2025-04-21
41.26393668895892,1.9737450771919696,2025-04-21
41.263939880560535,1.9741031638376498,2025-04-21
41.263940944180284,1.9742225260656763,2025-04-21
41.26394200767633,1.9743418883001016,2025-04-21
41.26394307104863,1.9744612505409245,2025-04-21
41.26394838605435,1.9750580618409805,2025-04-21
41.26394944868432,1.9751774241201745,2025-04-21
41.26395051119057,1.9752967864057613,2025-04-21
41.263951573573095,1.9754161486977402,2025-04-21
41.263952635831906,1.9755355109961101,2025-04-21
41.26395369796699,1.9756548733008705,2025-04-21
41.26395475997834,1.9757742356120211,2025-04-21
41.26395582186598,1.9758935979295598,2025-04-21
41.26395688362989,1.9760129602534866,2025-04-21
41.26395794527007,1.9761323225838017,2025-04-21
41.263959006786536,1.9762516849205027,2025-04-21
41.26396006817928,1.97637104726359,2025-04-21
41.26396112944829,1.9764904096130627,2025-04-21
41.26396219059359,1.9766097719689193,2025-04-21
41.26396325161516,1.9767291343311597,2025-04-21
41.263964312513004,1.9768484966997837,2025-04-21
41.26396537328713,1.9769678590747894,2025-04-21
41.26396643393754,1.9770872214561768,2025-04-21
41.263967494464204,1.9772065838439448,2025-04-21
41.26396855486716,1.9773259462380928,2025-04-21
41.263969615146394,1.9774453086386201,2025-04-21
41.263970675301906,1.977564671045526,2025-04-21
41.26397173533369,1.9776840334588088,2025-04-21
41.26397279524174,1.9778033958784698,2025-04-21
41.26397385502609,1.9779227583045067,2025-04-21
41.263974914686685,1.978042120736919,2025-04-21
41.26397597422358,1.978161483175706,2025-04-21
41.26397703363674,1.9782808456208671,2025-04-21
41.26397809292619,1.9784002080724015,2025-04-21
41.26398021113389,1.9786389329945875,2025-04-21
41.26398127005216,1.9787582954652374,2025-04-21
41.263982328846716,1.9788776579422578,2025-04-21
41.263983387517534,1.9789970204256473,2025-04-21
41.26398444606463,1.979116382915406,2025-04-21
41.263985504488005,1.9792357454115328,2025-04-21
41.26398656278765,1.979355107914027,2025-04-21
41.26398762096358,1.9794744704228877,2025-04-21
41.263988679015796,1.9795938329381142,2025-04-21
41.263989736944275,1.9797131954597058,2025-04-21
41.26399079474902,1.979832557987662,2025-04-21
41.26399185243005,1.9799519205219813,2025-04-21
41.26399290998736,1.9800712830626641,2025-04-21
41.263993967420944,1.980190645609709,2025-04-21
41.263995024730804,1.980310008163115,2025-04-21
41.263996081916936,1.9804293707228817,2025-04-21
41.26399713897935,1.9805487332890077,2025-04-21
41.26399819591804,1.9806680958614935,2025-04-21
41.26399925273301,1.9807874584403378,2025-04-21
41.26400030942424,1.98090682102554,2025-04-21
41.26400136599175,1.9810261836170986,2025-04-21
41.264002422435546,1.9811455462150138,2025-04-21
41.26400347875562,1.981264908819284,2025-04-21
41.26400453495196,1.9813842714299092,2025-04-21
41.26400559102458,1.9815036340468883,2025-04-21
41.264014035151455,1.9824585352113742,2025-04-21
41.26401509011056,1.9825778978855055,2025-04-21
41.26401614494594,1.982697260565983,2025-04-21
41.2640171996576,1.9828166232528064,2025-04-21
41.26401825424552,1.982935985945975,2025-04-21
41.26403300548544,1.984607064316145,2025-04-21
41.2640340582175,1.9847264271043994,2025-04-21
41.26403511082583,1.9848457898989875,2025-04-21
41.26403616331044,1.9849651526999077,2025-04-21
41.26403721567132,1.9850845155071597,2025-04-21
41.26403826790849,1.985203878320742,2025-04-21
41.26403932002193,1.985323241140655,2025-04-21
41.26404457873323,1.9859200553351453,2025-04-21
41.26404563010433,1.9860394181930232,2025-04-21
41.26405088510388,1.986636232577273,2025-04-21
41.26405193573262,1.986755595473089,2025-04-21
41.26405298623762,1.9868749583752265,2025-04-21
41.264054036618916,1.9869943212836834,2025-04-21
41.264055086876475,1.987113684198459,2025-04-21
41.264056137010314,1.9872330471195532,2025-04-21
41.26405718702043,1.9873524100469642,2025-04-21
41.2640687289658,1.9886654026652333,2025-04-21
41.264069777491216,1.9887847656683966,2025-04-21
41.2640708258929,1.9889041286778681,2025-04-21
41.26407187417086,1.9890234916936462,2025-04-21
41.26407292232509,1.989142854715731,2025-04-21
41.264073970355604,1.9892622177441215,2025-04-21
41.26407501826239,1.9893815807788167,2025-04-21
41.264084443855786,1.9904558483746688,2025-04-21
41.26408549052531,1.9905752114723714,2025-04-21
41.264086537071115,1.9906945745763707,2025-04-21
41.264087583493186,1.9908139376866667,2025-04-21
41.26408862979153,1.9909333008032568,2025-04-21
41.26409072201706,1.9911720270553204,2025-04-21
41.26409176794424,1.9912913901907918,2025-04-21
41.26409281374769,1.9914107533325558,2025-04-21
41.264103264977244,1.9926043850961017,2025-04-21
41.264104309419714,1.992723748307031,2025-04-21
41.26410535373845,1.992843111524243,2025-04-21
41.26410639793346,1.9929624747477381,2025-04-21
41.26410744200474,1.9930818379775146,2025-04-21
41.264108485952306,1.993201201213572,2025-04-21
41.26410952977615,1.99332056445591,2025-04-21
41.26411057347626,1.9934399277045274,2025-04-21
41.264111617052635,1.9935592909594237,2025-04-21
41.2641126605053,1.993678654220598,2025-04-21
41.26411370383422,1.9937980174880499,2025-04-21
41.26411474703943,1.9939173807617778,2025-04-21
41.264116833078646,1.9941561073280614,2025-04-21
41.264117875912675,1.9942754706206147,2025-04-21
41.264118918622984,1.994394833919442,2025-04-21
41.26411996120955,1.9945141972245422,2025-04-21
41.2641210036724,1.9946335605359142,2025-04-21
41.264122046011515,1.9947529238535577,2025-04-21
41.26412308822691,1.9948722871774716,2025-04-21
41.26412413031858,1.9949916505076555,2025-04-21
41.26412517228652,1.9951110138441084,2025-04-21
41.26412621413074,1.9952303771868305,2025-04-21
41.264127255851236,1.99534974053582,2025-04-21
41.26412829744799,1.995469103891076,2025-04-21
41.26412933892103,1.9955884672525983,2025-04-21
41.26414910340069,1.9978563723111034,2025-04-21
41.26415014239919,1.9979757357977925,2025-04-21
41.26415118127397,1.9980950992907323,2025-04-21
41.2636051741984,1.9470095520454682,2025-04-21
41.263606265899355,1.947128912637823,2025-04-21
41.26360735747658,1.947248273236745,2025-04-21
41.26360844893011,1.947367633842234,2025-04-21
41.2636095402599,1.9474869944542887,2025-04-21
41.26361063146597,1.9476063550729086,2025-04-21
41.26361172254833,1.9477257156980925,2025-04-21
41.26361281350697,1.947845076329841,2025-04-21
41.26361390434189,1.9479644369681517,2025-04-21
41.263614995053096,1.9480837976130252,2025-04-21
41.26361608564057,1.9482031582644597,2025-04-21
41.26361717610434,1.9483225189224553,2025-04-21
41.2636182664444,1.9484418795870109,2025-04-21
41.263619356660726,1.9485612402581256,2025-04-21
41.26391552703658,1.9815050335843563,2025-04-21
41.26391658298215,1.9816243960437394,2025-04-21
41.26391763880399,1.9817437585094748,2025-04-21
41.26391869450211,1.9818631209815616,2025-04-21
41.26391975007651,1.9819824834599988,2025-04-21
41.26392080552718,1.982101845944787,2025-04-21
41.26392186085413,1.9822212084359245,2025-04-21
41.26392291605735,1.9823405709334105,2025-04-21
41.26392397113686,1.9824599334372446,2025-04-21
41.26392819021763,1.9829373835160455,2025-04-21
41.263929244678515,1.9830567460516089,2025-04-21
41.26393029901566,1.9831761085935151,2025-04-21
41.2639313532291,1.983295471141764,2025-04-21
41.263932407318805,1.983414833696355,2025-04-21
41.26393346128479,1.9835341962572872,2025-04-21
41.263934515127055,1.98365355882456,2025-04-21
41.26393556884559,1.983772921398173,2025-04-21
41.263936622440404,1.9838922839781246,2025-04-21
41.26393767591149,1.9840116465644142,2025-04-21
41.26393872925886,1.9841310091570423,2025-04-21
41.2639397824825,1.9842503717560067,2025-04-21
41.26394083558242,1.984369734361307,2025-04-21
41.263941888558605,1.9844890969729427,2025-04-21
41.26394294141108,1.9846084595909128,2025-04-21
41.26394925592767,1.9853246354317196,2025-04-21
41.26395030791408,1.9854439980940108,2025-04-21
41.26395135977675,1.9855633607626313,2025-04-21
41.263952411515696,1.9856827234375791,2025-04-21
41.263953463130925,1.9858020861188543,2025-04-21
41.26395451462243,1.9859214488064558,2025-04-21
41.2639555659902,1.986040811500383,2025-04-21
41.26395661723424,1.9861601742006354,2025-04-21
41.263957668354564,1.9862795369072117,2025-04-21
41.26395871935117,1.9863988996201116,2025-04-21
41.26395977022405,1.9865182623393336,2025-04-21
41.2639608209732,1.9866376250648783,2025-04-21
41.2639671228699,1.987353801550863,2025-04-21
41.26396817275298,1.98747316432064,2025-04-21
41.263969222512344,1.9875925270967327,2025-04-21
41.26397027214797,1.9877118898791415,2025-04-21
41.263971321659874,1.987831252667864,2025-04-21
41.26397237104806,1.9879506154629003,2025-04-21
41.2639734203125,1.98806997826425,2025-04-21
41.263974469453245,1.9881893410719116,2025-04-21
41.263975518470254,1.9883087038858853,2025-04-21
41.263976567363535,1.9884280667061691,2025-04-21
41.2639776161331,1.9885474295327632,2025-04-21
41.26397866477892,1.9886667923656662,2025-04-21
41.26398495405569,1.9893829694955398,2025-04-21
41.26398600183545,1.9895023323725871,2025-04-21
41.263987049491476,1.9896216952559378,2025-04-21
41.263988097023784,1.9897410581455914,2025-04-21
41.26398914443237,1.9898604210415465,2025-04-21
41.263990191717234,1.9899797839438031,2025-04-21
41.26399123887836,1.9900991468523597,2025-04-21
41.26399228591576,1.9902185097672163,2025-04-21
41.26399333282945,1.9903378726883711,2025-04-21
41.263994379619405,1.9904572356158245,2025-04-21
41.263998565541975,1.990934687388604,2025-04-21
41.2639996117133,1.991054050347537,2025-04-21
41.26400065776092,1.9911734133127634,2025-04-21
41.264002749484945,1.9914121392620943,2025-04-21
41.26400379516137,1.9915315022461972,2025-04-21
41.26400484071408,1.991650865236591,2025-04-21
41.264005886143046,1.9917702282332748,2025-04-21
41.26400693144831,1.9918895912362475,2025-04-21
41.264007976629834,1.9920089542455084,2025-04-21
41.26400902168764,1.9921283172610573,2025-04-21
41.264010066621715,1.9922476802828932,2025-04-21
41.26401111143207,1.9923670433110152,2025-04-21
41.264012156118696,1.9924864063454226,2025-04-21
41.264013200681596,1.9926057693861152,2025-04-21
41.2640246827076,1.9939187632483104,2025-04-21
41.26402572578578,1.9940381263643616,2025-04-21
41.26402676874026,1.9941574894866876,2025-04-21
41.263509650843176,1.946414196912868,2025-04-21
41.26351074315927,1.9465335573084352,2025-04-21
41.263511835351665,1.946652917710574,2025-04-21
41.26351292742033,1.9467722781192829,2025-04-21
41.26351401936527,1.9468916385345614,2025-04-21
41.26351511118649,1.9470109989564084,2025-04-21
